{
    "MasterVolume": 0.5150004625320435,
    "MusicVolume": 0.7000002861022949,
    "EffectVolume": 0.7300994396209717
}