{
    "MasterVolume": 0.9300992488861084,
    "MusicVolume": 0.44999974966049197,
    "EffectVolume": 0.6450995206832886
}