{
    "MasterVolume": 0.30009984970092776,
    "MusicVolume": 0.2850998640060425,
    "EffectVolume": 0.2900998592376709
}