{
    "MasterVolume": 0.530099630355835,
    "MusicVolume": 0.689999520778656,
    "EffectVolume": 0.5350996255874634
}