{
    "MasterVolume": 0.9950991868972778,
    "MusicVolume": 0.770099401473999,
    "EffectVolume": 0.8950992822647095
}