{
    "MasterVolume": 0.7700002193450928,
    "MusicVolume": 0.7950001955032349,
    "EffectVolume": 0.6800994873046875
}