{
    "MasterVolume": 0.6400995254516602,
    "MusicVolume": 0.4000997543334961,
    "EffectVolume": 0.8950992822647095
}