{
    "MasterVolume": 0.9950991868972778,
    "MusicVolume": 0.7500994205474854,
    "EffectVolume": 0.8950992822647095
}