{
    "MasterVolume": 0.6400995254516602,
    "MusicVolume": 0.7500994205474854,
    "EffectVolume": 0.8950992822647095
}