{
    "MasterVolume": 0.5850003957748413,
    "MusicVolume": 0.5300004482269287,
    "EffectVolume": 0.6150003671646118
}